Id,Label,timeset,count,modularity_class
455,abuse,,16,15
1458,housing,,36,15
1042,access,,99,0
19,software,,1240,0
282,accessory,,104,1
1286,apparel,,53,1
421,part,,113,1
5005,accounting,,58,0
229,business,,1337,0
274,active,,78,11
466,global,,1036,11
1384,ingredient,,63,11
1583,nutrition,,68,11
681,science,,150,15
1717,activity,,70,5
985,investment,,255,5
811,added,,55,11
812,value,,144,11
2195,administration,,63,0
316,advanced,,160,11
49,system,,893,10
1097,advertising,,172,0
605,agency,,316,0
291,digital,,529,0
68,marketing,,590,0
41,medium,,510,0
70,mobile,,450,0
311,online,,547,0
810,advisory,,82,5
552,aerospace,,98,10
555,defense,,94,10
528,market,,974,10
254,best,,95,0
116,brand,,287,0
782,client,,336,0
602,commercial,,370,10
154,communication,,502,0
10,insurance,,554,3
499,public,,176,5
6,travel,,117,0
1348,allows,,60,0
21,user,,250,0
1283,america,,123,15
215,largest,,256,15
17,north,,144,15
4688,analog,,37,18
1488,signal,,48,18
1149,analytics,,106,0
284,data,,455,0
650,animal,,39,15
7,health,,423,15
14,application,,437,0
48,cloud,,255,0
156,design,,793,10
2978,develop,,50,0
22,development,,510,9
46,enterprise,,355,0
231,industrial,,446,10
326,integrated,,330,0
55,manufacture,,1144,10
155,network,,481,0
5485,oracle,,23,0
20,platform,,532,0
42,power,,297,10
1321,apps,,43,0
2558,architecture,,67,4
60,consulting,,500,4
403,engineering,,448,4
382,interior,,37,4
3921,landscape,,27,4
586,planning,,114,4
151,professional,,347,6
12598,stantec,,19,4
1326,asset,,159,11
1074,automation,,130,10
1175,automotive,,143,1
1392,award,,25,2
1390,winning,,23,2
841,bank,,135,5
305,banking,,133,5
29,financial,,395,0
423,personal,,137,5
445,bearing,,33,10
84,supply,,471,10
111,benefit,,152,3
236,brokerage,,233,3
106,casualty,,83,3
422,employee,,156,3
424,property,,237,3
104,range,,335,6
1214,beverage,,71,11
85,food,,349,11
4,consumer,,360,0
1789,portfolio,,126,11
517,broad,,76,6
38,broadband,,78,0
608,broker,,66,3
146,providing,,493,14
901,retail,,219,3
1172,canadian,,82,3
676,formed,,63,3
8113,gallagher,,75,3
394,headquartered,,149,3
478,held,,344,3
12663,itasca,,72,3
8499,merger,,63,3
481,privately,,360,3
235,risk,,243,3
1547,brown,,36,3
15,build,,103,10
632,building,,162,4
126,construction,,279,4
125,material,,236,4
7784,bunzl,,31,6
66,distribution,,293,6
894,kingdom,,196,6
2526,london,,66,6
2362,multinational,,167,6
2307,outsourcing,,133,6
117,united,,424,6
7819,caput,,34,6
72,commerce,,156,0
267,control,,241,10
584,customer,,547,6
1726,diversified,,128,0
574,energy,,449,10
2721,equity,,160,5
358,event,,113,0
1353,facilitate,,18,0
982,focus,,167,0
44,government,,115,10
134,help,,283,0
31,high,,354,10
800,holding,,265,5
11,home,,267,15
176,individual,,125,3
64,information,,490,0
271,intelligence,,123,0
550,internet,,226,0
1005,investing,,42,5
318,leading,,751,10
1181,local,,104,0
748,managed,,120,0
476,need,,135,0
109,offering,,209,0
1456,operating,,110,0
464,partner,,192,5
993,payment,,123,0
4300,payroll,,26,0
26,performance,,230,10
120,primarily,,130,6
500,private,,308,5
230,process,,242,6
1931,publishing,,99,0
637,research,,244,9
270,sale,,222,9
86,sector,,289,5
159,security,,374,0
322,sized,,59,0
321,small,,133,0
210,social,,259,0
158,support,,306,6
794,tool,,191,10
2215,cable,,66,10
2188,capital,,152,5
307,fund,,62,5
2332,venture,,46,5
96,care,,407,15
12866,carriage,,18,6
1400,dental,,47,15
100,healthcare,,376,15
112,hospital,,68,15
946,living,,35,15
101,medical,,403,10
1121,patient,,101,15
1007,people,,255,15
264,quality,,273,10
119,state,,237,6
5573,death,,19,6
4317,merchandise,,31,6
1207,center,,137,0
3418,certification,,58,7
1872,inspection,,97,7
616,testing,,162,7
3000,verification,,53,7
142,chain,,129,10
1978,channel,,75,8
1328,multi,,119,8
380,chemical,,184,11
12991,eastman,,6,11
469,pharmaceutical,,274,9
736,produce,,240,10
747,specialty,,190,11
2798,circuit,,39,0
7644,cisco,,25,10
56,equipment,,517,10
813,hardware,,120,10
279,networking,,93,10
1,sell,,247,10
952,class,,54,15
216,world,,419,15
50,computing,,71,0
206,hosting,,108,0
1382,club,,40,0
1106,estate,,92,5
914,real,,175,5
3065,residential,,74,10
186,supplier,,358,10
58,infrastructure,,238,4
1414,interactive,,110,0
3481,unified,,29,0
276,voice,,68,0
69,wireless,,119,0
2018,competence,,17,15
631,compliance,,72,0
317,component,,245,10
160,electronic,,259,10
127,manufacturer,,582,10
404,manufacturing,,316,10
417,precision,,67,10
922,comprehensive,,80,6
367,connected,,45,15
1989,connecting,,28,15
71,engages,,355,9
250,project,,118,4
571,consultancy,,197,4
163,environmental,,152,4
375,field,,137,4
108,related,,221,4
1925,strategy,,99,4
506,training,,87,4
27,worldwide,,300,10
551,electronics,,163,0
563,good,,77,0
1031,society,,24,0
288,content,,209,0
1081,entertainment,,166,0
1035,video,,181,0
220,developer,,156,10
1070,flow,,57,10
664,motion,,48,10
645,surface,,41,10
410,treatment,,118,10
652,water,,122,10
245,country,,95,3
181,coverage,,18,3
1380,experience,,95,6
2349,relationship,,43,6
522,discovery,,101,9
1078,driven,,54,0
897,protection,,86,0
47,storage,,126,0
1938,dedicated,,102,11
1143,delivers,,164,0
504,device,,288,10
486,distributes,,297,10
418,engineered,,93,11
1344,leader,,396,11
1072,semiconductor,,148,10
684,specializes,,269,10
795,designer,,86,10
240,game,,144,0
241,developing,,150,9
338,focused,,249,9
640,drug,,80,9
1335,engaged,,119,9
690,exploration,,127,9
57,production,,226,9
878,resource,,148,9
821,printing,,69,0
562,sport,,141,0
6153,transformation,,46,0
468,disease,,79,10
122,distributor,,281,10
2189,domain,,29,0
1810,door,,55,10
820,drink,,37,12
888,soft,,27,12
188,electric,,97,10
249,electrical,,118,10
248,mechanical,,71,4
1354,instrument,,92,10
95,email,,45,0
545,enables,,138,0
18,enabling,,79,0
98,natural,,107,9
1318,renewable,,37,10
323,engine,,88,13
324,search,,91,13
398,highly,,80,11
79,technical,,101,4
452,waste,,82,11
103,processing,,141,11
2276,rental,,73,10
213,safety,,189,10
3394,welding,,26,10
983,growth,,58,5
2077,middle,,41,5
14286,esperi,,11,15
12743,essilor,,38,14
1245,lens,,72,14
745,ophthalmic,,63,14
1515,optic,,71,14
807,type,,69,14
4016,vision,,65,14
854,gold,,50,9
1046,mineral,,62,9
200,mining,,106,9
3476,fable,,26,10
523,fiber,,53,14
33,institution,,78,0
1587,fitness,,23,0
2659,foodservice,,54,11
3533,fresh,,46,11
336,innovative,,243,11
1116,restaurant,,67,11
808,fuel,,65,15
1668,funeral,,22,15
861,gaming,,67,0
73,publisher,,75,0
191,gas,,40,10
2140,generation,,67,10
99,life,,219,15
1257,metal,,131,11
2150,nasdaq,,52,11
1743,improve,,100,15
342,mental,,22,15
113,organization,,216,0
9119,schein,,10,15
3817,wellness,,26,15
289,manage,,110,0
443,limited,,201,5
10896,older,,12,15
378,substance,,16,15
593,versatile,,16,15
346,human,,83,9
1362,imaging,,72,10
388,including,,207,6
224,independent,,211,10
530,liability,,18,3
1865,reinsurance,,26,3
1222,integration,,78,10
1754,intellectual,,32,3
893,internationally,,70,6
9329,quilter,,16,5
12518,randall,,14,5
133,laboratory,,112,7
1216,producer,,146,10
778,legal,,74,10
1555,leisure,,65,0
373,optical,,72,14
2040,long,,63,16
988,term,,49,16
91,maintenance,,110,17
383,repair,,64,17
1127,major,,59,10
705,packaging,,134,10
1109,plastic,,89,10
419,valve,,49,10
300,vehicle,,122,10
226,marketer,,87,10
817,marketplace,,75,0
529,physician,,36,10
1973,television,,78,0
30,messaging,,34,0
2127,recycling,,79,11
868,steel,,73,11
205,microsoft,,29,0
3792,mixed,,33,18
147,operator,,124,0
283,phone,,46,0
797,monitoring,,79,10
2536,portal,,50,0
1443,retailer,,139,0
880,website,,148,0
223,owns,,147,19
648,veterinary,,45,19
193,paper,,67,20
203,pulp,,21,20
4152,replacement,,28,1
411,therapeutic,,63,9
3456,securitas,,40,0
52,solar,,49,10
447,transmission,,50,10
1929,relation,,34,5
1099,wide,,157,6
567,time,,114,5
2236,recreational,,22,10
74,scientific,,86,15
542,store,,90,3
13320,rotating,,12,10
2991,unique,,58,15
634,sensor,,49,10
544,share,,75,0
2373,silicon,,53,0
9016,synopsys,,14,0
1779,virtual,,44,0
999,space,,49,10
1370,surgery,,33,19
8948,watt,,6,10
5,landlord,,7,21
8,money,,27,22
9,ireland,,16,23
12,armored,,5,24
13,transport,,59,25
24,tech,,66,26
25,proprietary,,24,27
28,west,,27,28
35,serving,,101,29
37,wire,,16,30
40,line,,107,31
43,utility,,74,32
45,entity,,9,33
51,manual,,5,34
53,module,,28,35
54,automatic,,12,36
59,virtualization,,17,37
61,base,,36,38
67,enable,,78,39
75,book,,48,40
77,specializing,,141,41
80,graphic,,26,42
81,temporary,,30,43
82,staff,,11,44
83,catering,,28,45
87,permanent,,12,46
88,recruitment,,67,47
90,hospitality,,33,48
93,installation,,51,49
94,specialises,,23,50
97,campaign,,33,51
102,language,,24,52
105,specialist,,222,53
107,associate,,62,54
110,practice,,43,55
115,region,,40,56
118,york,,40,57
123,contractor,,40,58
124,blade,,5,59
128,son,,7,60
129,general,,73,61
130,challenge,,22,62
131,analytical,,41,63
132,scientist,,7,64
136,complex,,66,65
138,face,,9,66
140,logistics,,111,67
141,spirit,,21,68
143,wine,,29,69
144,beer,,19,70
145,label,,46,71
148,plant,,64,72
150,consists,,9,73
152,experienced,,18,74
153,team,,35,75
157,installs,,27,76
161,france,,62,77
162,advent,,10,78
164,temperature,,17,79
167,panel,,22,80
170,billing,,17,81
171,office,,97,82
173,architectural,,27,83
175,japan,,31,84
177,plan,,43,85
179,star,,18,86
180,pension,,18,87
182,retirement,,15,88
185,mobility,,32,89
189,liquefied,,5,90
190,compressed,,19,91
194,liquid,,24,92
196,metallurgical,,7,93
198,solid,,25,94
199,separation,,8,95
201,wastewater,,14,96
202,andritz,,18,97
204,exchange,,52,98
207,file,,17,99
214,insurer,,6,100
217,revenue,,32,101
221,surgical,,32,102
238,acquired,,64,103
242,australia,,49,104
244,western,,20,105
246,corporate,,123,106
252,founded,,90,107
256,objective,,10,108
258,wholly,,14,109
259,owned,,64,110
260,subsidiary,,122,111
261,personnel,,21,112
263,diagnostic,,40,113
266,clinical,,73,114
268,molecular,,13,115
272,subscription,,15,116
275,include,,33,117
277,message,,13,118
278,function,,13,119
280,variety,,87,120
281,adapt,,9,121
287,critical,,80,122
290,protect,,61,123
292,trusted,,30,124
293,driver,,13,125
294,hire,,18,126
298,accessible,,14,127
299,disabled,,10,128
301,car,,36,129
309,community,,152,130
310,format,,11,131
313,advance,,14,132
314,advertiser,,22,133
315,engineer,,32,134
319,entrepreneur,,10,135
325,advisor,,21,136
329,injury,,15,137
332,person,,6,138
333,spinal,,9,139
335,aesthetic,,14,140
340,affinity,,5,141
341,regional,,38,142
344,automated,,43,143
345,antibody,,8,144
347,selection,,14,145
353,clothing,,34,146
354,shoe,,15,147
356,fashion,,61,148
361,ukraine,,5,149
362,concrete,,25,150
365,powered,,13,151
366,europe,,109,152
368,relevant,,10,153
369,location,,58,154
370,station,,37,155
372,radio,,38,156
376,enabled,,39,157
377,authentication,,14,158
379,identification,,19,159
384,aircraft,,51,160
386,refurbishment,,6,161
389,cost,,79,162
391,florida,,7,163
392,american,,115,164
395,airline,,35,165
399,operation,,128,166
400,specialized,,118,167
401,expertise,,66,168
406,available,,18,169
409,molecule,,12,170
412,premier,,69,171
415,oldest,,11,172
420,wear,,12,173
426,claim,,23,174
431,hair,,7,175
432,skin,,21,176
434,beauty,,42,177
436,filtration,,19,178
438,sealing,,23,179
439,hydraulic,,42,180
440,machinery,,34,181
442,pneumatic,,19,182
446,handling,,69,183
448,allied,,9,184
449,unit,,27,185
450,special,,27,186
451,investigation,,12,187
453,prevention,,16,188
454,fraud,,6,189
459,original,,16,190
462,lead,,32,191
463,creativity,,6,192
465,growing,,61,193
467,fast,,35,194
470,protein,,21,195
471,delivered,,9,196
474,commercializes,,33,197
477,plus,,16,198
479,magazine,,31,199
483,machine,,57,200
487,weighing,,5,201
488,includes,,40,202
490,battery,,19,203
491,lithium,,5,204
494,alloy,,20,205
498,secondary,,7,206
501,homecare,,9,207
503,regulatory,,20,208
505,staffing,,31,209
508,accommodation,,14,210
509,nordic,,29,211
510,helping,,60,212
511,increase,,19,213
512,dealer,,30,214
513,spectrum,,19,215
514,auto,,39,216
516,financing,,16,217
518,vacuum,,15,218
520,filter,,11,219
521,compressor,,11,220
525,metropolitan,,6,221
526,bandwidth,,7,222
527,branded,,38,223
531,frozen,,17,224
534,serve,,36,225
535,fruit,,15,226
536,image,,39,227
538,radiology,,7,228
539,member,,28,229
540,discover,,33,230
543,music,,63,231
546,download,,5,232
547,street,,20,233
548,demand,,53,234
557,tube,,13,235
558,micro,,27,236
561,tip,,5,237
564,sporting,,6,238
566,code,,9,239
573,ecological,,6,240
576,turn,,9,241
577,hydro,,5,242
578,array,,24,243
580,deliver,,53,244
582,scale,,38,245
588,streaming,,19,246
590,encoding,,5,247
592,grade,,9,248
594,forum,,9,249
595,carrier,,30,250
598,effective,,27,251
600,apollo,,7,252
601,fitting,,11,253
607,telecom,,68,254
609,connectivity,,50,255
610,evaluation,,16,256
611,preclinical,,7,257
614,optimization,,39,258
617,contract,,69,259
618,april,,5,260
619,deck,,5,261
621,marine,,72,262
623,anchor,,6,263
625,ohio,,6,264
627,columbus,,5,265
629,identify,,12,266
633,rock,,12,267
641,remote,,16,268
644,ship,,15,269
646,land,,27,270
647,combat,,7,271
651,excellent,,14,272
656,litigation,,21,273
657,trial,,12,274
659,passenger,,18,275
660,convert,,5,276
661,artificial,,12,277
662,polymer,,41,278
667,operated,,13,279
668,database,,24,280
669,federal,,21,281
671,anti,,12,282
674,division,,33,283
675,scanning,,13,284
677,receiver,,5,285
678,consolidated,,9,286
683,strategic,,87,287
685,bed,,8,288
689,canada,,101,289
692,sample,,11,290
693,analysis,,106,291
694,assembly,,46,292
695,associated,,44,293
697,collection,,58,294
698,sourcing,,21,295
699,ready,,25,296
701,recycled,,8,297
702,meal,,11,298
706,diabetes,,6,299
707,chronic,,24,300
709,distributing,,23,301
710,incontinence,,7,302
711,ostomy,,5,303
712,condition,,18,304
713,wound,,15,305
717,commercializing,,13,306
718,dynamic,,46,307
719,documentation,,8,308
721,innovation,,78,309
722,continuous,,8,310
723,year,,70,311
725,track,,26,312
726,record,,27,313
727,learning,,74,314
728,rapid,,13,315
729,atlantic,,11,316
730,link,,14,317
731,conversion,,15,318
732,vessel,,8,319
733,overhaul,,5,320
738,copco,,17,321
740,atlas,,20,322
741,pharma,,30,323
742,focusing,,38,324
744,acute,,15,325
749,delivering,,72,326
750,complete,,40,327
753,text,,9,328
754,generic,,17,329
756,niche,,25,330
757,developed,,24,331
760,australian,,24,332
761,geotechnical,,5,333
766,district,,9,334
767,flexible,,25,335
769,pipe,,15,336
771,heating,,28,337
772,tracking,,35,338
775,hiring,,8,339
777,maintain,,8,340
781,true,,5,341
784,news,,72,342
786,publishes,,40,343
788,subsystem,,15,344
789,deployment,,18,345
791,oems,,11,346
801,hotel,,41,347
802,india,,46,348
803,progressive,,9,349
804,ethernet,,6,350
805,server,,33,351
809,aspect,,12,352
814,minute,,5,353
815,seller,,31,354
816,fixed,,38,355
818,connects,,39,356
822,cosmetic,,34,357
824,wind,,19,358
825,light,,31,359
827,airport,,22,360
829,chinese,,12,361
831,education,,116,362
833,rail,,42,363
834,instrumentation,,23,364
835,transit,,26,365
837,banco,,7,366
839,argentina,,7,367
842,africa,,45,368
843,deposit,,17,369
845,merchant,,43,370
846,placement,,8,371
848,fastest,,10,372
851,fluid,,48,373
855,underground,,8,374
857,diamond,,17,375
858,clinic,,39,376
863,organisation,,32,377
864,beacon,,6,378
866,laser,,30,379
867,cutting,,29,380
871,flat,,18,381
873,designing,,38,382
876,cooking,,10,383
877,affiliated,,10,384
882,voip,,13,385
883,protocol,,17,386
885,maker,,23,387
889,unlimited,,7,388
890,exclusive,,5,389
892,collectible,,5,390
900,wholesale,,72,391
902,garden,,11,392
905,corp,,118,393
906,cement,,16,394
907,custom,,89,395
910,bolt,,5,396
912,desktop,,18,397
915,visibility,,5,398
916,computer,,19,399
918,open,,39,400
920,source,,54,401
921,gambling,,14,402
923,casino,,15,403
926,evolving,,7,404
929,biomedical,,15,405
930,vaccine,,10,406
936,executive,,17,407
938,assessment,,19,408
940,black,,20,409
941,everyday,,22,410
942,decker,,13,411
943,working,,28,412
944,efficient,,34,413
947,lifestyle,,51,414
948,capture,,24,415
949,test,,43,416
950,committed,,34,417
951,tactical,,7,418
953,gear,,13,419
954,vista,,6,420
956,outdoor,,48,421
961,simply,,5,422
963,lighting,,43,423
964,wiring,,5,424
966,plumbing,,15,425
968,clothes,,5,426
972,researcher,,8,427
974,blue,,24,428
976,biotechnology,,66,429
977,synthetic,,6,430
986,patent,,5,431
990,discount,,20,432
991,settlement,,8,433
995,handle,,8,434
997,rate,,13,435
1000,ceramic,,11,436
1001,mainly,,16,437
1003,telephony,,22,438
1009,half,,6,439
1010,drinking,,6,440
1011,million,,50,441
1018,shop,,37,442
1021,consultant,,34,443
1032,perform,,13,444
1033,sharing,,30,445
1034,task,,8,446
1043,forwarding,,6,447
1045,brazil,,23,448
1047,acquires,,14,449
1048,explores,,13,450
1049,sensitive,,12,451
1050,integrity,,30,452
1053,drive,,56,453
1056,brake,,13,454
1057,foundry,,7,455
1060,bridge,,13,456
1061,direct,,66,457
1063,polyethylene,,6,458
1064,compression,,8,459
1065,molded,,12,460
1067,workforce,,18,461
1073,brook,,5,462
1076,builder,,14,463
1077,creative,,40,464
1084,reality,,6,465
1089,hill,,25,466
1094,brazilian,,6,467
1096,coupon,,11,468
1098,iphone,,19,469
1100,hygiene,,31,470
1102,supplying,,28,471
1104,heat,,12,472
1105,map,,5,473
1108,collect,,9,474
1114,point,,30,475
1115,midwest,,5,476
1117,stage,,40,477
1122,suffering,,5,478
1123,mutual,,19,479
1125,coal,,14,480
1129,discipline,,6,481
1130,multiple,,29,482
1133,selling,,34,483
1138,microwave,,12,484
1139,frequency,,18,485
1140,reduction,,5,486
1141,initiative,,15,487
1142,targeted,,17,488
1146,pipeline,,24,489
1147,rent,,13,490
1154,coffee,,17,491
1155,traditional,,25,492
1159,sarl,,10,493
1160,serf,,24,494
1162,supplement,,18,495
1163,vitamin,,6,496
1164,national,,122,497
1166,lottery,,8,498
1167,assurance,,22,499
1169,policy,,18,500
1173,enthusiast,,6,501
1178,printer,,19,502
1179,result,,21,503
1182,multimedia,,27,504
1186,transportation,,114,505
1187,illinois,,7,506
1189,louisiana,,6,507
1191,james,,19,508
1192,create,,87,509
1193,card,,49,510
1195,program,,91,511
1196,credit,,42,512
1197,cardiovascular,,14,513
1198,neurological,,6,514
1202,authority,,15,515
1204,outsourced,,35,516
1206,contact,,37,517
1208,lock,,6,518
1213,loss,,8,519
1215,carolina,,10,520
1218,evidence,,7,521
1220,document,,67,522
1221,saas,,60,523
1223,appliance,,30,524
1224,iron,,24,525
1225,large,,72,526
1226,cast,,9,527
1231,series,,10,528
1233,caterpillar,,8,529
1235,zealand,,10,530
1237,drilling,,48,531
1238,creek,,5,532
1246,prescription,,31,533
1249,facility,,120,534
1250,ecosystem,,11,535
1253,innovator,,44,536
1255,biology,,5,537
1256,cellular,,17,538
1264,african,,6,539
1265,central,,41,540
1266,silver,,9,541
1268,centro,,5,542
1270,century,,11,543
1271,mortgage,,30,544
1273,loan,,37,545
1274,unmet,,7,546
1275,address,,24,547
1277,area,,65,548
1278,novel,,25,549
1279,pioneering,,14,550
1280,prevent,,14,551
1282,treat,,39,552
1290,auditing,,5,553
1292,facial,,10,554
1293,animation,,10,555
1298,coating,,49,556
1303,smith,,19,557
1305,deal,,50,558
1307,chicago,,5,559
1309,educational,,31,560
1310,choice,,26,561
1311,church,,6,562
1312,family,,66,563
1313,charity,,10,564
1314,house,,58,565
1319,fan,,10,566
1320,citizen,,6,567
1322,interaction,,17,568
1323,treasury,,9,569
1324,city,,50,570
1329,operational,,17,571
1331,adviser,,5,572
1332,collective,,12,573
1333,buying,,21,574
1336,cleaning,,33,575
1337,clean,,16,576
1338,consumable,,8,577
1339,principally,,16,578
1340,emission,,7,579
1343,live,,40,580
1347,transfer,,16,581
1351,trading,,76,582
1352,climate,,11,583
1358,mailing,,6,584
1359,fulfillment,,15,585
1361,warehousing,,14,586
1364,franchise,,13,587
1365,establishes,,6,588
1368,intelligent,,53,589
1371,tissue,,12,590
1373,procedure,,14,591
1376,implant,,8,592
1378,cobalt,,5,593
1381,golf,,8,594
1385,nutritional,,22,595
1387,fully,,29,596
1388,knowledge,,40,597
1396,instant,,11,598
1398,sweden,,19,599
1401,european,,71,600
1403,finland,,24,601
1404,norway,,20,602
1405,southeast,,9,603
1406,trust,,35,604
1408,total,,31,605
1409,lender,,6,606
1410,servicing,,29,607
1413,consumption,,9,608
1415,technological,,22,609
1416,aimed,,7,610
1417,container,,18,611
1420,glass,,27,612
1422,turbine,,14,613
1424,scandinavia,,5,614
1425,pressure,,26,615
1426,transparent,,5,616
1427,composite,,23,617
1428,cylinder,,5,618
1429,recognition,,5,619
1430,traffic,,21,620
1431,surveillance,,13,621
1435,china,,42,622
1437,board,,19,623
1440,singapore,,7,624
1442,strong,,19,625
1444,shopper,,9,626
1445,concept,,25,627
1446,shopping,,52,628
1448,concert,,8,629
1452,cycle,,24,630
1454,profitability,,5,631
1465,element,,9,632
1466,denmark,,6,633
1467,endpoint,,7,634
1469,overcome,,5,635
1471,reverse,,8,636
1473,telco,,5,637
1474,capability,,32,638
1480,recovery,,29,639
1485,visualization,,15,640
1487,creating,,47,641
1490,speed,,22,642
1492,paving,,6,643
1493,asphalt,,17,644
1496,governmental,,6,645
1500,express,,13,646
1504,compare,,11,647
1506,apply,,10,648
1508,visual,,29,649
1509,stock,,36,650
1511,free,,45,651
1514,fibre,,6,652
1518,sweet,,8,653
1526,pizza,,7,654
1527,crown,,5,655
1528,mill,,8,656
1532,huge,,6,657
1534,fleet,,43,658
1535,secure,,60,659
1537,suite,,46,660
1538,collaboration,,31,661
1539,cubic,,6,662
1542,site,,133,663
1544,match,,6,664
1545,perfect,,9,665
1546,dating,,5,666
1549,producing,,36,667
1550,printed,,11,668
1551,cell,,39,669
1557,colocation,,8,670
1560,pulse,,6,671
1563,salvage,,5,672
1564,auction,,22,673
1566,sanitary,,7,674
1567,external,,5,675
1573,signage,,10,676
1575,greater,,9,677
1576,medication,,20,678
1577,pharmacy,,29,679
1580,archiving,,5,680
1582,ediscovery,,6,681
1588,detailed,,5,682
1589,feature,,12,683
1594,success,,21,684
1595,broadcast,,24,685
1597,italia,,10,686
1598,jones,,14,687
1599,opinion,,9,688
1603,sound,,6,689
1609,davis,,9,690
1610,oilfield,,37,691
1612,heavy,,32,692
1616,forensic,,6,693
1619,reliable,,38,694
1621,algorithm,,6,695
1623,earth,,5,696
1625,trade,,60,697
1627,dairy,,15,698
1628,purpose,,27,699
1630,delta,,8,700
1633,efficiently,,8,701
1636,want,,9,702
1637,managing,,48,703
1640,cream,,11,704
1643,body,,14,705
1644,functional,,19,706
1645,prototyping,,10,707
1646,turnaround,,8,708
1647,prototype,,7,709
1651,therapy,,45,710
1654,gulf,,7,711
1655,shelf,,6,712
1656,mexico,,17,713
1659,provide,,105,714
1661,maintains,,23,715
1662,display,,26,716
1663,matter,,13,717
1664,brother,,9,718
1667,california,,23,719
1671,creates,,64,720
1672,license,,35,721
1675,conventional,,6,722
1680,convenience,,36,723
1682,located,,17,724
1683,mattress,,9,725
1685,foreign,,9,726
1688,injection,,20,727
1694,cooler,,9,728
1699,asia,,38,729
1700,east,,29,730
1701,south,,61,731
1703,roller,,5,732
1705,ball,,9,733
1706,debt,,20,734
1711,logic,,13,735
1713,english,,8,736
1714,scotland,,5,737
1715,reporting,,17,738
1716,supported,,12,739
1718,conduct,,21,740
1719,survey,,14,741
1720,biological,,15,742
1723,stem,,6,743
1724,guarding,,10,744
1725,diverse,,36,745
1728,acquiring,,13,746
1729,transaction,,46,747
1730,physical,,31,748
1731,promote,,14,749
1733,right,,31,750
1735,order,,21,751
1736,entry,,6,752
1738,combine,,27,753
1741,reliability,,9,754
1742,efficiency,,35,755
1745,biopharma,,9,756
1747,monetization,,6,757
1748,audience,,30,758
1749,paid,,6,759
1751,advice,,48,760
1755,workflow,,22,761
1758,loyalty,,18,762
1760,grid,,28,763
1761,smart,,54,764
1764,environment,,87,765
1766,spain,,9,766
1768,bar,,8,767
1769,snack,,21,768
1774,lab,,20,769
1776,screen,,14,770
1778,conferencing,,7,771
1780,view,,11,772
1781,learner,,7,773
1782,presentation,,7,774
1784,thermal,,30,775
1785,size,,22,776
1786,emerging,,17,777
1787,interface,,15,778
1790,economic,,10,779
1793,inventory,,10,780
1794,vendor,,18,781
1796,cash,,28,782
1797,return,,7,783
1798,encore,,8,784
1799,price,,37,785
1800,structural,,12,786
1803,forecasting,,8,787
1805,adult,,25,788
1807,tour,,13,789
1815,conglomerate,,17,790
1819,essential,,18,791
1820,belgium,,26,792
1823,consumables,,22,793
1826,columbia,,8,794
1827,british,,44,795
1830,lower,,19,796
1832,registration,,17,797
1835,medicine,,55,798
1839,romania,,7,799
1844,nickel,,5,800
1847,casting,,10,801
1848,validation,,9,802
1852,evolution,,9,803
1853,maritime,,21,804
1854,robotics,,16,805
1859,distributed,,10,806
1861,excel,,10,807
1862,alliance,,16,808
1866,noble,,6,809
1867,execution,,26,810
1869,employment,,30,811
1871,cargo,,16,812
1875,created,,12,813
1877,response,,17,814
1879,finishing,,5,815
1881,studio,,30,816
1882,korea,,10,817
1889,pump,,36,818
1894,biotech,,24,819
1895,oncology,,14,820
1900,advertisement,,9,821
1904,finance,,69,822
1911,mark,,5,823
1912,exhibition,,17,824
1913,fair,,10,825
1914,leasing,,20,826
1915,lending,,15,827
1921,work,,92,828
1922,modern,,20,829
1923,edge,,34,830
1927,acid,,11,831
1928,artist,,6,832
1930,facilitates,,8,833
1932,skilled,,10,834
1934,telephone,,11,835
1935,assistance,,26,836
1936,disability,,21,837
1937,fish,,10,838
1941,agent,,26,839
1943,peripheral,,7,840
1945,catheter,,8,841
1951,discovering,,11,842
1959,delivery,,95,843
1960,form,,20,844
1961,william,,5,845
1963,meeting,,15,846
1966,threat,,16,847
1971,fortune,,34,848
1972,owner,,39,849
1975,show,,23,850
1976,sponsored,,5,851
1977,broadcaster,,5,852
1979,football,,7,853
1987,potential,,16,854
1990,packaged,,23,855
1991,perishable,,5,856
1992,grocery,,16,857
1993,supermarket,,14,858
1994,franklin,,7,859
1996,merchandising,,9,860
1997,navigation,,7,861
1999,railway,,11,862
2001,bulk,,14,863
2002,place,,25,864
2003,daily,,23,865
2006,exercise,,7,866
2015,customized,,44,867
2017,stand,,5,868
2019,identity,,31,869
2020,picture,,13,870
2026,cremation,,7,871
2028,employer,,25,872
2029,affordable,,23,873
2031,nuclear,,10,874
2032,regulated,,15,875
2035,freight,,27,876
2036,contracting,,11,877
2039,discretionary,,6,878
2041,manager,,52,879
2043,motor,,45,880
2044,newspaper,,16,881
2047,improvement,,32,882
2049,fine,,17,883
2055,reach,,22,884
2057,promotion,,21,885
2058,play,,28,886
2060,android,,14,887
2061,refrigeration,,6,888
2063,lease,,7,889
2064,gateway,,12,890
2067,cider,,7,891
2070,gemalto,,8,892
2071,short,,15,893
2074,genesis,,7,894
2075,highest,,11,895
2076,level,,32,896
2088,genetic,,18,897
2089,rare,,9,898
2091,specialising,,29,899
2095,gmbh,,78,900
2096,germany,,49,901
2100,comparison,,13,902
2107,browser,,14,903
2109,block,,8,904
2113,enhancing,,12,905
2115,shelter,,5,906
2117,insight,,54,907
2122,multichannel,,14,908
2126,golden,,7,909
2128,courier,,19,910
2129,established,,40,911
2134,paris,,6,912
2136,union,,9,913
2139,great,,31,914
2141,mountain,,17,915
2142,green,,20,916
2143,alternative,,46,917
2144,electricity,,39,918
2145,competitive,,17,919
2148,woman,,49,920
2151,acorn,,5,921
2154,structure,,17,922
2155,laminate,,11,923
2156,wood,,33,924
2158,groep,,8,925
2161,bureau,,17,926
2170,glove,,8,927
2172,trip,,5,928
2179,frame,,8,929
2181,fabrication,,28,930
2182,machining,,13,931
2183,carbon,,14,932
2191,child,,29,933
2193,casual,,11,934
2196,implementation,,24,935
2200,nationwide,,22,936
2205,household,,22,937
2207,disposable,,15,938
2208,netherlands,,32,939
2210,window,,29,940
2212,elderly,,17,941
2214,aid,,7,942
2224,harsh,,5,943
2225,harris,,15,944
2227,globe,,21,945
2231,linear,,6,946
2233,outcome,,26,947
2235,heartland,,7,948
2245,heritage,,9,949
2248,valley,,11,950
2249,crane,,14,951
2256,artisan,,8,952
2261,demanding,,7,953
2264,centre,,23,954
2265,hollywood,,5,955
2266,blood,,10,956
2268,diagnostics,,31,957
2269,glucose,,5,958
2270,finding,,13,959
2272,account,,19,960
2273,save,,18,961
2274,horizon,,9,962
2275,holiday,,12,963
2278,reader,,9,964
2280,rehabilitation,,17,965
2281,linked,,11,966
2282,flooring,,14,967
2286,hunter,,9,968
2288,backup,,11,969
2289,encryption,,7,970
2290,molding,,7,971
2291,segment,,34,972
2293,powder,,13,973
2294,chat,,7,974
2295,call,,8,975
2298,integrates,,8,976
2302,usage,,10,977
2306,film,,37,978
2308,aided,,7,979
2310,broking,,11,980
2315,factory,,7,981
2322,student,,44,982
2323,young,,21,983
2326,metrology,,5,984
2327,current,,13,985
2328,impact,,19,986
2330,hearing,,6,987
2335,brewer,,5,988
2339,procurement,,39,989
2340,scheduling,,8,990
2348,art,,7,991
2350,governance,,11,992
2351,speech,,9,993
2355,destructive,,5,994
2356,portable,,12,995
2365,ltda,,12,996
2368,self,,25,997
2375,audio,,41,998
2376,signature,,10,999
2379,cross,,26,1000
2383,satellite,,33,1001
2385,reduce,,23,1002
2386,sustainable,,52,1003
2387,institutional,,26,1004
2391,mode,,6,1005
2393,diode,,9,1006
2394,single,,25,1007
2396,geospatial,,9,1008
2397,visualize,,5,1009
2401,lingerie,,8,1010
2403,interventional,,5,1011
2408,invoice,,8,1012
2410,hosted,,19,1013
2412,connection,,21,1014
2413,approach,,16,1015
2418,brings,,10,1016
2419,xerox,,7,1017
2421,rich,,15,1018
2423,touch,,20,1019
2425,italian,,13,1020
2426,farm,,12,1021
2430,toy,,16,1022
2432,spare,,10,1023
2436,comfort,,7,1024
2440,premium,,50,1025
2441,legacy,,15,1026
2443,primary,,16,1027
2444,fragrance,,10,1028
2446,orange,,8,1029
2450,wealth,,25,1030
2451,partnership,,21,1031
2453,footwear,,27,1032
2457,cooper,,6,1033
2458,truck,,22,1034
2460,consultation,,16,1035
2461,protective,,12,1036
2468,laptop,,7,1037
2469,distance,,12,1038
2470,school,,42,1039
2473,pricing,,16,1040
2474,assist,,11,1041
2476,employ,,11,1042
2478,memory,,15,1043
2484,availability,,6,1044
2486,package,,28,1045
2490,metro,,12,1046
2494,bakery,,13,1047
2495,baked,,5,1048
2497,analytic,,9,1049
2499,warehouse,,15,1050
2503,floor,,9,1051
2504,spring,,10,1052
2505,king,,8,1053
2511,rice,,11,1054
2527,centric,,13,1055
2530,wafer,,9,1056
2534,england,,13,1057
2538,ground,,20,1058
2542,click,,9,1059
2546,decision,,46,1060
2547,offshore,,32,1061
2556,collaborative,,8,1062
2560,infectious,,12,1063
2561,cancer,,26,1064
2562,candidate,,9,1065
2564,petroleum,,36,1066
2565,austria,,6,1067
2566,road,,20,1068
2569,party,,21,1069
2570,compagnie,,5,1070
2572,phoenix,,9,1071
2578,diesel,,10,1072
2579,translation,,7,1073
2584,recognized,,27,1074
2585,cold,,5,1075
2587,vegetable,,19,1076
2589,investor,,75,1077
2602,poland,,21,1078
2603,agribusiness,,5,1079
2604,organic,,15,1080
2605,invest,,12,1081
2613,like,,15,1082
2614,similar,,5,1083
2615,flight,,24,1084
2617,room,,20,1085
2625,skincare,,7,1086
2629,optimizes,,6,1087
2633,loomis,,7,1088
2638,disposal,,13,1089
2640,fixture,,9,1090
2643,talent,,46,1091
2644,acquisition,,50,1092
2645,discovers,,14,1093
2647,bioscience,,14,1094
2651,known,,39,1095
2653,widely,,5,1096
2655,issue,,26,1097
2660,schneider,,13,1098
2661,fuse,,6,1099
2662,standard,,39,1100
2669,manages,,55,1101
2670,icon,,8,1102
2673,insulation,,16,1103
2676,electromagnetic,,7,1104
2680,article,,12,1105
2682,mail,,16,1106
2684,compensation,,25,1107
2686,worker,,14,1108
2690,port,,18,1109
2692,explorer,,7,1110
2693,texas,,26,1111
2697,nursing,,20,1112
2699,markel,,6,1113
2702,exclusively,,17,1114
2703,metric,,10,1115
2704,sold,,7,1116
2706,gain,,5,1117
2707,automate,,13,1118
2708,closed,,8,1119
2712,leadership,,12,1120
2716,laundry,,6,1121
2722,recently,,5,1122
2724,skill,,17,1123
2726,teaching,,9,1124
2731,cybersecurity,,6,1125
2733,concentrate,,6,1126
2734,color,,28,1127
2748,ventilation,,16,1128
2754,membrane,,5,1129
2755,extraction,,11,1130
2756,wholesaler,,22,1131
2760,grain,,13,1132
2762,pioneer,,30,1133
2763,designed,,50,1134
2767,connector,,13,1135
2770,facebook,,16,1136
2771,reference,,9,1137
2775,better,,35,1138
2778,understand,,20,1139
2785,agilent,,6,1140
2787,thermo,,14,1141
2794,utilizing,,6,1142
2796,engaging,,6,1143
2797,biomaterials,,6,1144
2800,vascular,,7,1145
2804,implantable,,6,1146
2805,behavior,,12,1147
2809,wave,,9,1148
2814,semi,,7,1149
2821,lift,,9,1150
2822,bath,,7,1151
2827,registered,,17,1152
2829,senior,,14,1153
2832,generated,,5,1154
2833,publish,,6,1155
2836,report,,8,1156
2838,weather,,6,1157
2840,microsystems,,5,1158
2841,cmos,,10,1159
2843,robust,,6,1160
2845,monetize,,7,1161
2846,distribute,,10,1162
2850,luxury,,33,1163
2851,urban,,16,1164
2852,capturing,,5,1165
2853,oriented,,22,1166
2856,photo,,27,1167
2858,creation,,17,1168
2864,saving,,21,1169
2867,french,,45,1170
2874,optimize,,30,1171
2875,enhance,,48,1172
2876,motorola,,9,1173
2884,debit,,6,1174
2885,voucher,,16,1175
2887,print,,46,1176
2896,accelerating,,5,1177
2899,blog,,14,1178
2901,photovoltaic,,9,1179
2905,indoor,,8,1180
2906,conditioning,,16,1181
2907,virginia,,10,1182
2909,fairfax,,5,1183
2910,representation,,5,1184
2911,adhesive,,17,1185
2916,oral,,22,1186
2924,smes,,16,1187
2925,solve,,15,1188
2927,problem,,21,1189
2928,vast,,7,1190
2931,optimized,,10,1191
2932,buyer,,20,1192
2935,extrusion,,10,1193
2938,aluminum,,31,1194
2941,brain,,11,1195
2945,broadridge,,7,1196
2949,newmarket,,5,1197
2950,operative,,5,1198
2952,timico,,5,1199
2954,nexus,,7,1200
2955,russia,,11,1201
2956,fourth,,5,1202
2958,juice,,5,1203
2960,architect,,6,1204
2967,pain,,21,1205
2970,interest,,28,1206
2977,mission,,44,1207
2979,incorporated,,28,1208
2981,detection,,18,1209
2987,microscope,,5,1210
2999,closure,,9,1211
3002,presence,,18,1212
3003,reputation,,19,1213
3004,monitor,,17,1214
3009,oasis,,7,1215
3011,ojsc,,8,1216
3014,expert,,56,1217
3018,option,,9,1218
3020,breakthrough,,9,1219
3023,connect,,46,1220
3026,capacity,,16,1221
3027,footprint,,6,1222
3034,ogilvy,,9,1223
3035,pellet,,7,1224
3038,licensing,,22,1225
3040,omega,,9,1226
3051,optimum,,8,1227
3056,corrugated,,17,1228
3060,protecting,,14,1229
3064,built,,35,1230
3069,targeting,,10,1231
3070,brasil,,8,1232
3073,filing,,5,1233
3076,make,,21,1234
3077,enhanced,,6,1235
3078,pack,,11,1236
3079,successful,,21,1237
3081,complementary,,12,1238
3085,wooden,,6,1239
3086,pallet,,9,1240
3089,jewelry,,12,1241
3097,sealant,,7,1242
3098,park,,13,1243
3099,ticaret,,7,1244
3101,prepaid,,12,1245
3104,maximize,,10,1246
3115,informatique,,10,1247
3121,steam,,5,1248
3135,phase,,8,1249
3136,forward,,7,1250
3138,automates,,7,1251
3147,analyzing,,6,1252
3148,pixel,,5,1253
3152,competency,,5,1254
3153,modeling,,11,1255
3154,planet,,8,1256
3155,destination,,20,1257
3158,integrator,,18,1258
3159,sistemas,,6,1259
3173,sensing,,10,1260
3177,optimizing,,7,1261
3180,positive,,11,1262
3181,parcel,,19,1263
3182,post,,24,1264
3188,association,,11,1265
3189,preferred,,9,1266
3192,press,,13,1267
3196,gauge,,5,1268
3199,history,,20,1269
3204,renowned,,8,1270
3206,progress,,15,1271
3208,provision,,29,1272
3214,resort,,10,1273
3219,pure,,17,1274
3223,tailored,,10,1275
3224,routing,,7,1276
3226,department,,22,1277
3236,sixth,,6,1278
3238,civil,,18,1279
3239,nondestructive,,5,1280
3247,aftermarket,,10,1281
3251,highway,,6,1282
3252,diagnosis,,9,1283
3254,duty,,8,1284
3261,organizes,,10,1285
3262,radar,,6,1286
3270,invasive,,11,1287
3271,measurement,,65,1288
3276,antenna,,7,1289
3277,receive,,8,1290
3278,allowing,,16,1291
3279,moving,,11,1292
3285,practical,,5,1293
3303,caribbean,,7,1294
3308,eyewear,,5,1295
3310,reliance,,10,1296
3317,republic,,11,1297
3323,vacation,,8,1298
3330,sorting,,7,1299
3331,calibration,,20,1300
3335,screening,,13,1301
3337,reward,,10,1302
3342,meat,,18,1303
3343,feed,,24,1304
3344,farming,,8,1305
3352,enforcement,,9,1306
3353,securing,,8,1307
3358,defence,,10,1308
3363,movie,,23,1309
3364,review,,25,1310
3366,construct,,5,1311
3382,miller,,5,1312
3388,study,,12,1313
3390,sleep,,7,1314
3393,island,,9,1315
3399,cyber,,5,1316
3400,safe,,22,1317
3404,productivity,,29,1318
3405,improving,,33,1319
3423,changing,,10,1320
3427,amusement,,6,1321
3438,caters,,5,1322
3439,racing,,5,1323
3441,headquarters,,13,1324
3450,qualified,,8,1325
3458,ticket,,20,1326
3459,ticketing,,6,1327
3470,magnetic,,9,1328
3487,directly,,6,1329
3499,pest,,11,1330
3500,sierra,,7,1331
3510,camera,,20,1332
3513,domestic,,26,1333
3514,different,,18,1334
3515,israel,,6,1335
3517,number,,24,1336
3523,flash,,15,1337
3530,dutch,,8,1338
3531,simplify,,11,1339
3540,sinclair,,6,1340
3542,turnkey,,9,1341
3545,model,,23,1342
3548,rfid,,9,1343
3550,opening,,22,1344
3570,oil,,7,1345
3581,popular,,16,1346
3583,youth,,11,1347
3585,neuroscience,,6,1348
3590,university,,14,1349
3593,higher,,15,1350
3594,specialised,,20,1351
3595,recording,,5,1352
3597,operate,,9,1353
3599,intervention,,5,1354
3609,respiratory,,18,1355
3610,fall,,5,1356
3616,underwriting,,10,1357
3617,enclosure,,5,1358
3621,friendly,,12,1359
3629,hazardous,,17,1360
3634,programming,,9,1361
3635,allow,,10,1362
3639,metering,,5,1363
3640,domiciliary,,10,1364
3641,sterling,,6,1365
3642,reseller,,12,1366
3643,ultra,,14,1367
3646,german,,14,1368
3651,warren,,5,1369
3653,purchasing,,11,1370
3656,deploy,,10,1371
3660,stop,,11,1372
3664,mix,,5,1373
3666,powerful,,14,1374
3667,recommendation,,13,1375
3669,featuring,,6,1376
3670,summit,,8,1377
3677,gourmet,,13,1378
3678,extensive,,22,1379
3684,funding,,10,1380
3687,kitchen,,12,1381
3694,startup,,22,1382
3697,douglas,,9,1383
3702,synergy,,5,1384
3703,chip,,40,1385
3711,basis,,10,1386
3716,synthesis,,8,1387
3719,allergy,,5,1388
3720,reagent,,13,1389
3722,box,,5,1390
3726,faster,,10,1391
3729,advantage,,17,1392
3732,psychiatric,,7,1393
3737,sign,,5,1394
3739,covering,,23,1395
3741,plasma,,5,1396
3745,outstanding,,15,1397
3747,respected,,6,1398
3751,target,,10,1399
3754,sand,,6,1400
3755,gravel,,6,1401
3758,aggregate,,25,1402
3761,suitable,,9,1403
3768,export,,9,1404
3774,optoelectronic,,6,1405
3776,interconnect,,6,1406
3778,conference,,18,1407
3782,embedded,,26,1408
3787,electro,,8,1409
3788,teledyne,,9,1410
3794,agricultural,,62,1411
3802,southern,,15,1412
3807,fastener,,13,1413
3810,cover,,18,1414
3815,route,,6,1415
3816,bringing,,20,1416
3819,action,,10,1417
3822,regarded,,10,1418
3824,thomas,,13,1419
3825,economy,,9,1420
3828,culture,,14,1421
3834,swiss,,6,1422
3836,involved,,45,1423
3837,currently,,15,1424
3842,practitioner,,7,1425
3844,learn,,7,1426
3856,capable,,5,1427
3859,engagement,,42,1428
3861,driving,,19,1429
3862,course,,9,1430
3863,trailer,,7,1431
3865,comprises,,26,1432
3867,core,,42,1433
3869,derivative,,5,1434
3873,specifically,,11,1435
3875,trinity,,9,1436
3877,aerostructures,,5,1437
3879,military,,26,1438
3885,neurology,,10,1439
3888,smartphone,,7,1440
3890,controlled,,8,1441
3892,rapidly,,10,1442
3899,northern,,17,1443
3901,upgrade,,6,1444
3908,lifecycle,,28,1445
3912,hydrocarbon,,6,1446
3913,seismic,,7,1447
3915,reserve,,11,1448
3925,mapping,,21,1449
3933,universal,,14,1450
3934,kid,,13,1451
3935,italy,,20,1452
3937,upstream,,15,1453
3943,foam,,17,1454
3945,parking,,6,1455
3948,exceptional,,8,1456
3953,minnesota,,7,1457
3956,streamline,,9,1458
3963,mounted,,6,1459
3965,factor,,5,1460
3968,blending,,8,1461
3977,vending,,12,1462
3979,watch,,16,1463
3983,viewer,,7,1464
3985,wireline,,10,1465
3986,biofuels,,5,1466
3990,verify,,6,1467
3991,audit,,16,1468
3992,chemistry,,11,1469
3993,technique,,9,1470
3996,assay,,11,1471
3998,decoration,,6,1472
4004,virgin,,7,1473
4010,fusion,,6,1474
4011,institute,,14,1475
4012,swedish,,6,1476
4020,visma,,19,1477
4022,lightweight,,5,1478
4027,awareness,,5,1479
4031,commodity,,23,1480
4032,vodafone,,9,1481
4036,transformer,,8,1482
4038,automobile,,15,1483
4040,hospice,,8,1484
4042,precise,,5,1485
4046,thing,,20,1486
4048,pollution,,5,1487
4049,wall,,14,1488
4051,role,,8,1489
4053,achieve,,16,1490
4054,dream,,5,1491
4056,host,,17,1492
4058,resident,,5,1493
4081,surveying,,19,1494
4082,chartered,,11,1495
4093,seed,,11,1496
4097,provided,,9,1497
4099,furniture,,24,1498
4100,wright,,8,1499
4106,intermediate,,13,1500
4110,actuarial,,5,1501
4117,effectively,,6,1502
4119,trader,,9,1503
4127,graphite,,5,1504
4128,yellow,,5,1505
4129,know,,10,1506
4130,continuing,,5,1507
4131,yorkshire,,5,1508
4134,simulation,,24,1509
4149,early,,20,1510
4155,future,,13,1511
4160,vertical,,12,1512
4161,specific,,40,1513
4162,healthy,,10,1514
4163,maintaining,,5,1515
4168,disorder,,17,1516
4169,treating,,10,1517
4171,personalized,,28,1518
4178,ipad,,5,1519
4180,directory,,7,1520
4181,case,,11,1521
4188,medicaid,,6,1522
4192,john,,11,1523
4203,read,,8,1524
4205,reservation,,7,1525
4212,gate,,6,1526
4214,programmable,,11,1527
4215,aerial,,15,1528
4217,metallic,,5,1529
4220,abroad,,5,1530
4221,concession,,5,1531
4227,membership,,6,1532
4228,rural,,8,1533
4232,main,,11,1534
4238,offered,,6,1535
4241,fugro,,10,1536
4243,meter,,9,1537
4244,square,,8,1538
4247,dispensing,,18,1539
4249,applying,,6,1540
4251,controlling,,5,1541
4257,seal,,14,1542
4260,roofing,,6,1543
4264,reading,,7,1544
4266,gardening,,11,1545
4269,writing,,8,1546
4275,us,,18,1547
4276,engage,,17,1548
4277,seeker,,7,1549
4281,additive,,12,1550
4288,reservoir,,6,1551
4291,tata,,7,1552
4295,grow,,14,1553
4298,amplifier,,5,1554
4302,orthopedic,,20,1555
4304,expense,,16,1556
4306,tailor,,11,1557
4321,basic,,7,1558
4322,purification,,8,1559
4324,coastal,,5,1560
4327,shipping,,21,1561
4329,measuring,,15,1562
4332,classic,,7,1563
4333,entire,,16,1564
4334,simple,,19,1565
4336,job,,14,1566
4338,ecommerce,,16,1567
4342,setting,,9,1568
4343,kindred,,5,1569
4349,editing,,5,1570
4357,packet,,5,1571
4363,massachusetts,,5,1572
4365,friction,,11,1573
4377,inspiration,,5,1574
4378,idea,,28,1575
4381,disaster,,7,1576
4385,publicly,,23,1577
4402,russian,,10,1578
4409,facilitating,,5,1579
4411,recruiting,,11,1580
4417,hunting,,6,1581
4420,beijing,,8,1582
4423,foundation,,11,1583
4432,making,,45,1584
4443,petrochemical,,12,1585
4465,ability,,6,1586
4466,agile,,5,1587
4468,intranet,,5,1588
4469,econocom,,6,1589
4478,restore,,8,1590
4487,altrad,,13,1591
4489,style,,8,1592
4491,bristol,,9,1593
4499,mass,,34,1594
4504,dealership,,13,1595
4507,accelerate,,14,1596
4519,voltage,,11,1597
4523,curriculum,,6,1598
4524,conservation,,9,1599
4525,collision,,6,1600
4529,rule,,9,1601
4538,relief,,8,1602
4546,apartment,,6,1603
4550,revolutionary,,9,1604
4553,rocket,,6,1605
4558,affiliate,,7,1606
4560,dialysis,,8,1607
4562,kidney,,5,1608
4565,middleware,,5,1609
4567,multiplayer,,12,1610
4573,conveyor,,10,1611
4575,ranging,,14,1612
4578,seating,,6,1613
4588,broadcasting,,17,1614
4598,baby,,8,1615
4604,shanghai,,7,1616
4615,directional,,5,1617
4617,metalworking,,10,1618
4626,uranium,,13,1619
4627,extract,,15,1620
4628,flavor,,8,1621
4632,refining,,9,1622
4633,fertilizer,,11,1623
4642,globally,,41,1624
4667,damage,,7,1625
4670,speciality,,12,1626
4672,behavioral,,15,1627
4673,inpatient,,5,1628
4682,regenerative,,5,1629
4687,david,,5,1630
4701,organizational,,5,1631
4706,processor,,28,1632
4707,began,,6,1633
4708,started,,12,1634
4714,fabricator,,5,1635
4730,surgeon,,7,1636
4735,shareholder,,5,1637
4737,thompson,,14,1638
4740,bean,,5,1639
4755,commitment,,28,1640
4768,library,,9,1641
4771,outlet,,7,1642
4773,matrix,,6,1643
4774,administrator,,6,1644
4776,philosophy,,6,1645
4783,municipal,,13,1646
4791,applied,,27,1647
4797,doctor,,9,1648
4798,nurse,,5,1649
4808,locally,,5,1650
4817,swimming,,13,1651
4819,pool,,16,1652
4822,iptv,,6,1653
4826,sauce,,6,1654
4827,establishment,,5,1655
4831,williams,,8,1656
4833,ericsson,,8,1657
4838,retailing,,10,1658
4843,oxygen,,6,1659
4846,inspired,,5,1660
4847,culinary,,5,1661
4857,mesh,,5,1662
4860,pride,,6,1663
4862,belt,,5,1664
4864,munition,,7,1665
4869,bancorp,,20,1666
4872,solely,,10,1667
4874,medicare,,9,1668
4879,emergency,,16,1669
4885,strength,,9,1670
4902,dermatology,,8,1671
4904,speaker,,6,1672
4909,shape,,10,1673
4919,subsea,,13,1674
4926,alarm,,6,1675
4934,roll,,10,1676
4935,sandwich,,6,1677
4936,salad,,6,1678
4948,resin,,8,1679
4950,environmentally,,6,1680
4957,county,,13,1681
4960,rubber,,15,1682
4962,tire,,13,1683
4965,paint,,17,1684
4980,white,,8,1685
4990,academic,,29,1686
4993,barge,,10,1687
4994,propane,,22,1688
4995,river,,12,1689
5002,apex,,5,1690
5003,routine,,6,1691
5004,sustainability,,25,1692
5016,requirement,,8,1693
5017,meet,,36,1694
5020,nation,,15,1695
5021,publication,,8,1696
5022,breaking,,7,1697
5031,tyre,,7,1698
5034,commissioning,,5,1699
5038,proven,,15,1700
5041,czech,,6,1701
5042,terrestrial,,5,1702
5050,scalable,,5,1703
5067,superior,,10,1704
5069,pacific,,21,1705
5078,aggregation,,5,1706
5090,hybrid,,14,1707
5094,promotional,,8,1708
5096,occupational,,5,1709
5106,continental,,9,1710
5124,lubricant,,12,1711
5125,journal,,5,1712
5128,harness,,10,1713
5133,aviation,,61,1714
5135,terminal,,11,1715
5139,elevator,,7,1716
5140,controller,,6,1717
5142,finished,,8,1718
5144,movement,,21,1719
5145,polyurethane,,5,1720
5148,rise,,5,1721
5149,celebrity,,11,1722
5151,item,,17,1723
5153,creator,,17,1724
5156,sydney,,6,1725
5157,branch,,6,1726
5158,page,,11,1727
5169,infection,,9,1728
5182,robert,,5,1729
5190,produced,,8,1730
5198,google,,22,1731
5201,implement,,14,1732
5204,switch,,9,1733
5206,bond,,13,1734
5224,zimmer,,6,1735
5231,heart,,9,1736
5235,dialogue,,5,1737
5238,seafood,,5,1738
5239,inter,,8,1739
5245,alcoholic,,16,1740
5256,festival,,8,1741
5268,subscriber,,6,1742
5270,running,,9,1743
5272,switzerland,,9,1744
5275,traveler,,11,1745
5281,substrate,,5,1746
5287,valuable,,14,1747
5299,actuator,,11,1748
5301,copper,,18,1749
5303,generator,,27,1750
5312,pennsylvania,,6,1751
5322,addressing,,7,1752
5330,kind,,5,1753
5332,adobe,,8,1754
5350,ambulatory,,6,1755
5352,aegis,,5,1756
5354,photonics,,14,1757
5356,aero,,6,1758
5362,guard,,8,1759
5363,expansion,,12,1760
5364,agri,,19,1761
5368,piping,,6,1762
5369,turkish,,14,1763
5372,flower,,9,1764
5401,scrap,,5,1765
5402,athletic,,5,1766
5409,tobacco,,10,1767
5411,confectionery,,14,1768
5413,answer,,9,1769
5414,empowers,,21,1770
5420,apple,,9,1771
5423,ultrasonic,,5,1772
5439,atlanta,,6,1773
5449,barrier,,9,1774
5454,atrium,,5,1775
5463,income,,9,1776
5465,performing,,9,1777
5475,hose,,14,1778
5481,spray,,6,1779
5482,basf,,9,1780
5490,mine,,12,1781
5491,tank,,14,1782
5492,crude,,11,1783
5496,morrison,,5,1784
5499,washington,,11,1785
5510,force,,14,1786
5524,photography,,6,1787
5537,category,,20,1788
5538,korean,,8,1789
5546,bicycle,,9,1790
5547,turkey,,6,1791
5554,biscuit,,6,1792
5561,start,,8,1793
5564,method,,7,1794
5574,shared,,12,1795
5575,name,,9,1796
5577,textile,,24,1797
5585,akzonobel,,5,1798
5597,converged,,6,1799
5604,bring,,20,1800
5622,succeed,,8,1801
5629,biomass,,8,1802
5630,finnish,,15,1803
5635,fidelity,,6,1804
5639,bvba,,6,1805
5644,spectroscopy,,6,1806
5649,enrich,,11,1807
5663,list,,8,1808
5672,rigging,,5,1809
5673,lifting,,6,1810
5678,capgemini,,11,1811
5685,today,,15,1812
5686,continues,,5,1813
5691,carewatch,,7,1814
5697,title,,8,1815
5699,castle,,5,1816
5708,fundamental,,6,1817
5720,cephalon,,5,1818
5727,sophisticated,,15,1819
5732,machined,,7,1820
5735,check,,7,1821
5750,guide,,17,1822
5767,appointment,,5,1823
5771,joining,,5,1824
5773,close,,13,1825
5774,taking,,5,1826
5780,connecticut,,6,1827
5783,jersey,,16,1828
5784,shredding,,10,1829
5788,furnishing,,10,1830
5796,giving,,9,1831
5801,root,,5,1832
5802,compass,,11,1833
5803,cause,,5,1834
5806,depot,,7,1835
5808,compound,,13,1836
5826,principle,,6,1837
5831,refrigerated,,6,1838
5840,cooling,,10,1839
5844,meaningful,,6,1840
5845,actionable,,7,1841
5858,optimal,,5,1842
5864,particularly,,6,1843
5865,detroit,,5,1844
5871,sheet,,6,1845
5873,preparation,,25,1846
5885,milk,,6,1847
5887,hand,,25,1848
5891,communicate,,6,1849
5907,powering,,8,1850
5933,career,,14,1851
5943,transform,,35,1852
5951,vocational,,5,1853
5965,eastern,,15,1854
5979,thermoplastic,,6,1855
5982,shaping,,9,1856
5994,modular,,10,1857
6006,stream,,11,1858
6008,second,,9,1859
6011,select,,15,1860
6016,logistic,,12,1861
6019,dimensional,,6,1862
6020,gift,,21,1863
6025,midland,,15,1864
6051,licensed,,10,1865
6054,ultimate,,7,1866
6058,motorcycle,,6,1867
6082,taste,,21,1868
6086,beautiful,,5,1869
6088,population,,9,1870
6094,welfare,,14,1871
6098,focussed,,6,1872
6106,assembles,,6,1873
6109,boston,,15,1874
6120,convenient,,10,1875
6122,outside,,8,1876
6141,tree,,9,1877
6142,groupe,,30,1878
6144,invests,,42,1879
6146,grupo,,8,1880
6147,combining,,7,1881
6149,latest,,17,1882
6151,agriculture,,35,1883
6191,position,,13,1884
6197,paragon,,11,1885
6200,aggregator,,8,1886
6226,political,,5,1887
6235,ideal,,5,1888
6258,roof,,8,1889
6275,detect,,6,1890
6292,assisting,,16,1891
6303,farmer,,13,1892
6304,blend,,5,1893
6310,sportswear,,14,1894
6321,palvelukoti,,5,1895
6336,disk,,6,1896
6337,update,,5,1897
6349,decade,,9,1898
6350,stone,,10,1899
6358,expand,,5,1900
6364,indian,,10,1901
6366,player,,29,1902
6372,journey,,7,1903
6375,launched,,5,1904
6385,origin,,5,1905
6392,hvac,,12,1906
6395,organizing,,5,1907
6405,import,,9,1908
6412,attract,,7,1909
6416,bridgepoint,,9,1910
6438,evaluating,,5,1911
6465,homeowner,,7,1912
6472,branding,,10,1913
6481,represents,,6,1914
6489,fabric,,9,1915
6491,profit,,19,1916
6503,mehilainen,,9,1917
6516,reuters,,14,1918
6517,thomson,,16,1919
6527,veteran,,5,1920
6533,payer,,6,1921
6552,selected,,10,1922
6586,momentum,,5,1923
6593,greeting,,5,1924
6594,send,,6,1925
6606,basket,,5,1926
6612,mood,,5,1927
6617,friend,,15,1928
6644,understanding,,6,1929
6651,decorative,,7,1930
6670,outpatient,,8,1931
6683,pumping,,6,1932
6686,charter,,7,1933
6696,owning,,10,1934
6697,omni,,9,1935
6732,oxford,,10,1936
6745,stainless,,5,1937
6760,cinema,,14,1938
6763,improves,,5,1939
6776,configuration,,5,1940
6778,change,,19,1941
6797,counter,,8,1942
6804,philip,,10,1943
6806,administrative,,15,1944
6809,affair,,8,1945
6822,opportunity,,34,1946
6829,analyze,,11,1947
6833,hundred,,7,1948
6853,specialize,,6,1949
6856,looking,,6,1950
6859,info,,6,1951
6869,royal,,9,1952
6889,hard,,9,1953
6897,unify,,5,1954
6909,completion,,11,1955
6917,qualcomm,,11,1956
6941,accelerates,,7,1957
6949,onshore,,10,1958
6951,well,,10,1959
6956,taylor,,7,1960
6957,resourcing,,5,1961
6965,multifamily,,7,1962
6967,supporting,,13,1963
6969,ordering,,12,1964
6972,smartphones,,16,1965
6991,tier,,5,1966
7011,rotork,,7,1967
7012,boutique,,10,1968
7021,transforming,,19,1969
7037,purchase,,11,1970
7052,zinc,,8,1971
7054,parent,,16,1972
7073,athlete,,7,1973
7077,nanotechnology,,5,1974
7097,listing,,14,1975
7114,protects,,9,1976
7118,serco,,8,1977
7121,imagery,,5,1978
7143,easy,,27,1979
7152,siemens,,15,1980
7160,personalization,,8,1981
7202,console,,5,1982
7214,trend,,11,1983
7217,transforms,,21,1984
7218,spot,,5,1985
7221,measure,,11,1986
7234,approximately,,15,1987
7261,attraction,,5,1988
7263,tourism,,16,1989
7279,deploys,,5,1990
7282,intended,,7,1991
7304,continuum,,5,1992
7311,hathaway,,5,1993
7312,berkshire,,7,1994
7335,bespoke,,11,1995
7339,betting,,13,1996
7379,twitter,,8,1997
7387,workplace,,19,1998
7388,exterior,,11,1999
7394,booking,,11,2000
7398,crop,,16,2001
7405,vital,,19,2002
7408,gasket,,9,2003
7413,baltic,,6,2004
7429,joint,,7,2005
7431,leverage,,13,2006
7435,collector,,5,2007
7449,topic,,6,2008
7451,choose,,8,2009
7460,precious,,6,2010
7462,titanium,,7,2011
7468,wesco,,9,2012
7469,theater,,5,2013
7470,bros,,6,2014
7475,traded,,22,2015
7489,word,,6,2016
7492,session,,5,2017
7509,milling,,5,2018
7530,thousand,,17,2019
7533,responsible,,6,2020
7534,classified,,10,2021
7564,charles,,6,2022
7596,volume,,5,2023
7618,agro,,5,2024
7632,effect,,9,2025
7635,angel,,5,2026
7650,elsevier,,7,2027
7672,chocolate,,9,2028
7673,bag,,6,2029
7705,avionics,,6,2030
7749,discounted,,11,2031
7754,dealing,,6,2032
7788,coin,,6,2033
7793,forefront,,6,2034
7800,tile,,6,2035
7811,incentive,,7,2036
7812,cairn,,5,2037
7816,grey,,6,2038
7830,story,,8,2039
7837,parker,,10,2040
7850,smarter,,11,2041
7851,quickly,,13,2042
7861,hong,,8,2043
7863,kong,,8,2044
7864,promotes,,6,2045
7902,accredited,,6,2046
7905,customised,,5,2047
7914,independently,,14,2048
7915,symbol,,5,2049
7918,tableware,,5,2050
7926,step,,5,2051
7931,college,,7,2052
7941,deep,,11,2053
7951,houston,,6,2054
7958,interact,,8,2055
7969,widest,,6,2056
7983,iomart,,8,2057
7992,harnessing,,5,2058
8033,excellence,,9,2059
8044,extreme,,6,2060
8070,fiberglass,,5,2061
8074,brewing,,8,2062
8083,foster,,6,2063
8085,reconstruction,,5,2064
8087,lincoln,,6,2065
8166,railroad,,6,2066
8193,mustang,,6,2067
8197,tungsten,,5,2068
8211,stationary,,5,2069
8228,valuation,,8,2070
8231,pathway,,5,2071
8252,identifying,,6,2072
8253,follow,,5,2073
8291,existing,,8,2074
8299,cannabis,,5,2075
8322,town,,6,2076
8323,common,,8,2077
8327,exists,,8,2078
8332,balloon,,6,2079
8349,cocoa,,5,2080
8354,resistant,,5,2081
8358,preeminent,,5,2082
8368,tablet,,17,2083
8377,resolution,,6,2084
8395,mind,,7,2085
8407,myers,,8,2086
8474,bus,,7,2087
8491,indonesia,,6,2088
8504,venue,,5,2089
8519,later,,7,2090
8532,pfizer,,6,2091
8546,seek,,6,2092
8552,screw,,5,2093
8587,expanding,,7,2094
8601,quest,,8,2095
8603,easily,,6,2096
8658,robinson,,7,2097
8702,samsung,,6,2098
8715,relay,,5,2099
8717,generate,,11,2100
8777,obtain,,5,2101
8786,meta,,5,2102
8791,spread,,8,2103
8803,successfactors,,5,2104
8839,taiwan,,5,2105
8931,medicanimal,,5,2106
8944,feedback,,6,2107
8961,brewery,,5,2108
8984,refractory,,5,2109
8986,programme,,8,2110
9002,drying,,5,2111
9085,daniel,,10,2112
9086,archer,,10,2113
9101,effectiveness,,7,2114
9104,fueling,,5,2115
9110,manufactured,,11,2116
9115,formulation,,5,2117
9117,henry,,10,2118
9124,finest,,8,2119
9125,considered,,6,2120
9191,faith,,6,2121
9202,nokia,,8,2122
9205,sage,,12,2123
9229,reconstructive,,8,2124
9237,vmware,,5,2125
9238,citrix,,12,2126
9254,kantar,,9,2127
9292,maxim,,5,2128
9331,profile,,6,2129
9332,cook,,5,2130
9351,publicis,,17,2131
9367,infrared,,11,2132
9387,rating,,7,2133
9400,continent,,11,2134
9403,stryker,,7,2135
9424,premise,,15,2136
9438,gearbox,,7,2137
9447,prime,,11,2138
9454,johnson,,11,2139
9456,unquoted,,5,2140
9460,significant,,12,2141
9487,cardiac,,7,2142
9491,tomorrow,,8,2143
9510,rovi,,5,2144
9536,hyder,,6,2145
9542,sony,,8,2146
9551,latin,,5,2147
9561,flavoring,,6,2148
9574,grown,,16,2149
9614,norwegian,,5,2150
9617,quaker,,5,2151
9711,hitachi,,9,2152
9730,robot,,5,2153
9732,pathology,,6,2154
9774,refrigerant,,5,2155
9779,clayton,,8,2156
9792,securely,,15,2157
9835,minimally,,5,2158
9846,recognised,,5,2159
9879,patented,,5,2160
9886,coach,,5,2161
9914,furnace,,6,2162
9949,referral,,5,2163
9950,peer,,7,2164
9963,clearing,,11,2165
9969,morgan,,5,2166
9977,aim,,19,2167
9986,dupont,,5,2168
9998,quick,,5,2169
10017,saint,,10,2170
10058,assisted,,10,2171
10159,eurofins,,11,2172
10206,played,,10,2173
10253,generating,,7,2174
10306,july,,5,2175
10339,emea,,5,2176
10353,richard,,6,2177
10361,gibraltar,,5,2178
10438,sonar,,7,2179
10455,invent,,6,2180
10514,yahoo,,5,2181
10594,certificate,,7,2182
10620,smbs,,9,2183
10626,grant,,8,2184
10678,organize,,6,2185
10850,belgian,,7,2186
10867,score,,7,2187
10881,daisy,,8,2188
10909,revolutionizing,,5,2189
10993,organiser,,5,2190
10996,simplifies,,5,2191
11016,humana,,13,2192
11065,eaton,,12,2193
11226,simmons,,5,2194
11228,vertically,,5,2195
11324,schulman,,7,2196
11349,satisfaction,,6,2197
11403,enara,,12,2198
11422,teacher,,6,2199
11446,differentiated,,9,2200
11502,fundraising,,6,2201
11511,elite,,5,2202
11538,empower,,17,2203
11544,raise,,9,2204
11589,transformative,,13,2205
11700,nyse,,59,2206
11814,safran,,6,2207
11866,fastening,,5,2208
11877,deloitte,,6,2209
11881,frontline,,5,2210
12036,microchip,,6,2211
12072,unmatched,,9,2212
12074,positioning,,19,2213
12129,incorporates,,9,2214
12189,collaborate,,6,2215
12275,champagne,,5,2216
12290,kongsberg,,7,2217
12339,listed,,24,2218
12372,billion,,30,2219
12405,initial,,13,2220
12437,profitable,,5,2221
12457,acquire,,10,2222
12484,kenny,,5,2223
12502,packard,,7,2224
12503,hewlett,,7,2225
12511,staffline,,7,2226
12513,unlocks,,10,2227
12514,experian,,7,2228
12519,ebix,,8,2229
12520,continued,,6,2230
12521,matthew,,7,2231
12522,oldcastle,,7,2232
12523,danaher,,9,2233
12527,aveva,,5,2234
12529,stanley,,12,2235
12534,liquide,,9,2236
12536,hydropower,,14,2237
12540,buyout,,16,2238
12543,accenture,,12,2239
12548,trimble,,14,2240
12551,literary,,7,2241
12566,fisher,,13,2242
12572,eriks,,12,2243
12573,kaman,,8,2244
12576,border,,5,2245
12589,conagra,,6,2246
12590,amazon,,5,2247
12601,aalberts,,5,2248
12614,publ,,19,2249
12615,sweco,,18,2250
12617,deutsche,,6,2251
12619,microsemi,,6,2252
12620,mscc,,6,2253
12627,dubilier,,7,2254
12633,bausch,,7,2255
12634,medtronic,,9,2256
12643,retain,,9,2257
12644,turboprop,,6,2258
12647,essentra,,7,2259
12650,wabtec,,10,2260
12657,coherent,,5,2261
12659,midd,,13,2262
12660,middleby,,13,2263
12669,actuant,,5,2264
12682,patrick,,7,2265
12705,constellation,,6,2266
12711,paprec,,5,2267
12717,petrofac,,7,2268
12722,informa,,9,2269
12742,possible,,24,2270
12744,employing,,12,2271
12746,jonas,,10,2272
12758,dksh,,7,2273
12763,issuer,,7,2274
12765,usable,,6,2275
12766,groupon,,6,2276
12769,envelope,,8,2277
12771,saic,,5,2278
12783,hexagon,,5,2279
12797,arrow,,19,2280
12803,deluxe,,5,2281
12811,esco,,5,2282
12814,olam,,11,2283
12832,sharecare,,5,2284
12839,reloations,,5,2285
12840,copying,,7,2286
12841,aecom,,5,2287
12844,navigant,,7,2288
12852,teamsystem,,5,2289
12855,cadence,,6,2290
12857,customization,,9,2291
12858,cegedim,,5,2292
12874,honeywell,,6,2293
12875,brenntag,,8,2294
12876,tetra,,8,2295
12881,shipbuilding,,5,2296
12895,nice,,8,2297
12899,barco,,5,2298
12919,dell,,23,2299
12932,kluwer,,12,2300
12933,wolters,,12,2301
12943,certified,,5,2302
12945,inflexion,,6,2303
12946,bard,,5,2304
12948,unlock,,7,2305
12949,digtial,,6,2306
12950,veon,,6,2307
12957,moment,,5,2308
12967,merck,,5,2309
12975,curing,,9,2310
12976,nordson,,8,2311
12982,fagron,,5,2312
12988,orthopaedics,,6,2313
12990,integrating,,5,2314
12992,labcorp,,5,2315
12998,symantec,,5,2316
13003,schnitzer,,9,2317
13004,citysprint,,8,2318
13013,bechtle,,7,2319
13020,ametek,,15,2320
13029,abloy,,17,2321
13030,satisfying,,17,2322
13031,assa,,17,2323
13035,flir,,5,2324
13043,lindab,,5,2325
13063,nuance,,7,2326
13064,conversational,,7,2327
13068,japanese,,6,2328
13075,deliveres,,12,2329
13076,veritas,,12,2330
13081,tokyo,,6,2331
13084,copier,,5,2332
13092,rush,,7,2333
13093,jacob,,8,2334
13096,postal,,7,2335
13097,postnl,,5,2336
13105,rank,,9,2337
13106,solocal,,6,2338
13113,hammaslaakarit,,9,2339
13117,smsc,,5,2340
13118,rentokil,,8,2341
13120,ahead,,5,2342
13132,glaxosmithkline,,5,2343
13133,digestive,,5,2344
13139,putting,,25,2345
13147,koninklijke,,7,2346
13157,fenner,,9,2347
13159,gobain,,6,2348
13172,intel,,8,2349
13173,transdigm,,6,2350
13177,pearson,,11,2351
13185,versata,,6,2352
13188,hannifin,,9,2353
13213,balfour,,6,2354
13214,depend,,7,2355
13215,beatty,,6,2356
13217,naspers,,11,2357
13223,chess,,5,2358
13240,cola,,5,2359
13256,gruppen,,6,2360
13267,grainger,,5,2361
13268,cognizant,,5,2362
13318,mentor,,6,2363
13366,ergalis,,7,2364
13367,korn,,5,2365
13368,ignite,,5,2366
13369,ferry,,6,2367
13370,relied,,14,2368
13392,seacor,,5,2369
13394,brady,,8,2370
13409,perkinelmer,,7,2371
13415,elior,,5,2372
13417,enhances,,5,2373
13457,genpact,,5,2374
13475,aventis,,5,2375
13476,sanofi,,5,2376
13478,centaur,,5,2377
13482,broadcom,,7,2378
13488,mclennan,,19,2379
13489,colleague,,19,2380
13490,marsh,,19,2381
13500,biosimilar,,5,2382
13513,way,,7,2383
13527,transcat,,5,2384
13528,bramble,,5,2385
13529,gruppo,,5,2386
13533,broadest,,6,2387
13537,extraordinary,,12,2388
13561,tyler,,6,2389
13578,zynga,,6,2390
13655,fluidics,,8,2391
13656,idex,,8,2392
13677,bloomsbury,,5,2393
13678,endurance,,9,2394
13683,caci,,7,2395
13689,apax,,5,2396
13693,halma,,9,2397
13712,kingspan,,5,2398
13713,springer,,5,2399
13714,axel,,5,2400
13717,belden,,6,2401
13722,deepest,,5,2402
13729,telesystems,,6,2403
13743,donnelley,,7,2404
13757,prodware,,8,2405
13772,anesthesiology,,5,2406
13773,pediatrix,,5,2407
13774,mednax,,5,2408
13778,poolcorp,,6,2409
13795,autodesk,,10,2410
13821,ferrellgas,,11,2411
13845,idox,,7,2412
13851,phelps,,7,2413
13852,duff,,7,2414
13874,ryder,,6,2415
13878,biomet,,5,2416
13910,mckesson,,6,2417
13915,rexel,,6,2418
13936,validate,,6,2419
13948,transformed,,8,2420
14004,evolved,,7,2421
14005,glanbia,,5,2422
14021,lang,,10,2423
14022,lasalle,,10,2424
14061,blackstone,,6,2425
14075,seeking,,5,2426
14110,kuehne,,9,2427
14111,nagel,,9,2428
14140,conserve,,9,2429
14158,micropole,,5,2430
14181,edenred,,5,2431
14194,fashionwear,,6,2432
14210,cooperates,,10,2433
14212,ebay,,6,2434
14296,kirby,,5,2435
14297,wise,,5,2436
14326,assuredpartners,,18,2437
14347,walter,,9,2438
14352,flsmidth,,5,2439
14424,manhattan,,5,2440
14425,mather,,5,2441
14448,nonprofit,,7,2442
14540,march,,5,2443
14541,artelia,,5,2444
14542,sogreah,,5,2445
14543,finalised,,5,2446
14544,coteba,,5,2447
14557,orangefield,,5,2448
14561,mitie,,5,2449
14698,degree,,5,2450
14730,dover,,5,2451
14912,ensuring,,5,2452
14960,praxair,,5,2453
